Genotype,Behavior,Treatment,class,Mouse,DYRK1A_N,ITSN1_N,BDNF_N,NR1_N,NR2A_N,pAKT_N,pBRAF_N,pCAMKII_N,pCREB_N,pELK_N,pERK_N,pJNK_N,PKCA_N,pMEK_N,pNR1_N,pNR2A_N,pNR2B_N,pPKCAB_N,pRSK_N,AKT_N,BRAF_N,CAMKII_N,CREB_N,ELK_N,ERK_N,GSK3B_N,JNK_N,MEK_N,TRKA_N,RSK_N,APP_N,Bcatenin_N,SOD1_N,MTOR_N,P38_N,pMTOR_N,DSCR1_N,AMPKA_N,NR2B_N,pNUMB_N,RAPTOR_N,TIAM1_N,pP70S6_N,NUMB_N,P70S6_N,pGSK3B_N,pPKCG_N,CDK5_N,S6_N,ADARB1_N,AcetylH3K9_N,RRP1_N,BAX_N,ARC_N_pS6_N,ERBB4_N,nNOS_N,Tau_N,GFAP_N,GluR3_N,GluR4_N,IL1B_N,P3525_N,pCASP9_N,PSD95_N,SNCA_N,Ubiquitin_N,pGSK3B_Tyr216_N,SHH_N,BAD_N,BCL2_N,pCFOS_N,SYP_N,H3AcK18_N,EGR1_N,H3MeK4_N,CaNA_N
Control,C/S,Memantine,c-CS-m,309,0.416922604,0.564035627,0.355123675,2.260135135,4.268734644,0.218830018,0.179668305,2.007985258,0.190223793,1.424600737,0.501074939,0.289823901,0.363892996,0.277655563,0.818642506,0.478501229,1.409398034,1.85703317,0.483416141,0.628071253,0.367530549,0.359416718,0.179728458,1.077395577,2.550214988,1.316646192,0.25572702,0.276241358,0.676597052,0.160895351,0.391047184,2.281173219,0.339970345,0.425004783,0.333909491,0.693087371,0.539723081,0.354214276,0.520619636,0.347224089,0.321965685,0.419094938,0.44041769,0.147848101,0.70224765,0.177033102,1.795780591,0.294457873,0.288607595,1.107907459,0.158839779,0.159102447,0.182869198,0.099493671,0.140168776,0.160393646,0.123964088,0.117439413,0.236337828,0.141116631,0.434527221,0.249704282,1.386075949,1.957233046,0.119883239,0.980874701,0.833276763,0.191561181,0.141012658,,0.111483449,0.434153803,0.130405268,0.155611814,0.158235497,1.67565235
Control,C/S,Memantine,c-CS-m,311,0.591572123,0.690271493,0.320852692,2.285938044,4.229411765,0.221493213,0.185337848,2.045475113,0.174688797,1.831374693,0.839076826,0.326668505,0.342112521,0.268015171,0.831360947,0.654751131,1.563696485,1.403411069,0.403237034,0.717020536,0.487682334,0.365399947,0.18537859,1.091368954,2.944894652,1.251827358,0.243954292,0.258540585,0.669230769,0.177172583,0.389626556,2.034144799,0.382802938,0.530769231,0.4260181,0.871889401,0.720135747,0.478838174,0.614746544,0.474965422,0.410045177,0.520859671,0.25520362,0.165345723,0.787100301,0.190762503,0.9568065,0.278737542,0.294117647,1.017627767,0.098361766,0.205263599,0.181725888,0.104897419,0.132460586,0.147379913,0.164252528,0.133324236,0.215454033,0.110434292,0.372814616,0.235467496,1.062380147,1.584881757,0.150592217,1.068367904,0.67924059,0.181888545,0.167399887,0.168637387,,0.430308828,0.147208122,0.215089345,0.197067118,1.219966159
Control,C/S,Memantine,c-CS-m,320,0.530854674,0.748071583,0.385529158,2.606780076,5.601209601,0.23742672,0.187687313,2.549676026,0.209154326,1.799187726,0.819962974,0.353463993,0.354684753,0.270283848,0.959980419,0.812133812,1.857871858,1.854728447,0.399161266,0.892780006,0.471344765,0.424325674,0.193671369,1.495217525,3.623264425,1.438136378,0.281593407,0.308590806,0.801927802,0.17305603,0.420126354,2.366244986,0.366883117,0.561716673,0.423943227,0.823205469,0.715360073,0.48465704,0.707900047,0.492920521,0.39306138,0.500879176,0.212573155,0.207468156,1.070797977,0.172713362,0.748350047,0.346790092,0.529756455,1.787828422,0.122888435,0.175059513,0.205745567,0.133310068,0.181998338,0.197282099,0.257992629,0.131208819,0.189844704,0.113825319,0.546860356,0.313996659,1.499297095,2.188295165,0.165103903,1.269499215,0.854092752,0.220316269,0.161052541,0.136110397,0.123425355,0.534845413,0.143168731,0.180372529,,1.63898847
Control,C/S,Memantine,c-CS-m,321,0.420541987,0.6404204,0.357512061,2.731909028,5.468986906,0.232253618,0.174305788,2.64438091,0.198496659,1.535091391,0.630427292,0.332648649,0.324864865,0.266884907,0.995864921,0.742074431,1.91540317,1.586725178,0.398214037,0.835802895,0.384326281,0.418516028,0.185561682,1.422639559,3.38800827,1.334962913,0.267229497,0.283028721,0.818573398,0.163666806,0.408120553,2.322993931,0.340357384,0.513113652,0.404069767,0.798102414,0.651638443,0.448311509,0.695783784,0.471885029,0.352387357,0.455135135,0.181433483,0.21302578,1.060021971,0.172340707,0.90952444,0.34560869,0.519772388,1.799476643,0.098856368,0.17547994,0.198197325,0.140878262,0.189871445,0.204496996,0.237387865,0.133925023,0.215127832,0.132028363,0.573514197,0.327006595,1.597019708,2.406084656,0.176570458,1.322399688,0.922768787,0.234359634,,0.160966592,,0.56167328,0.152119371,0.214379774,,1.68242681
Control,C/S,Memantine,c-CS-m,322,0.356513531,0.500887399,0.316708622,2.062867215,4.128476302,0.231863442,0.183256173,3.511543741,0.181579933,1.215273935,0.528517999,0.338325222,0.294753086,0.255552958,0.778347466,0.774383079,1.519584802,1.10486995,0.375665549,0.682902781,0.311571589,0.381223329,0.171103395,1.001175088,2.68329718,0.999216608,0.247288503,0.262044653,0.670676395,0.157853506,0.385316811,1.859968664,0.319231249,0.487061438,0.421682099,0.765755647,0.644675926,0.395935863,0.588294022,0.470871914,0.330052389,0.408564815,0.188917373,0.186184055,0.985923823,0.158850637,0.87143894,0.31996688,0.372551362,1.251951739,0.096995505,0.16456255,0.17886466,0.139117701,0.172916372,0.177558118,0.188830523,0.1272457025,0.249610867,0.141682479,0.659818442,0.31522807,1.750477783,2.274277758,0.170030412,1.308804686,0.829548143,0.239624578,,0.150934469,0.14095961,0.494885264,,,,1.61497516
Control,C/S,Memantine,c-CS-m,3415,0.494053315,0.655302013,0.30590604,2.415704698,4.256596036,0.212719298,0.165514437,3.648240343,0.173959732,1.309090909,0.690604027,0.29720507,0.334791524,0.25030036,0.870950103,0.819548872,1.609706083,1.952539696,0.471832554,0.652084757,0.427968851,0.30936432,0.161982165,1.082980178,2.408993289,1.314496644,0.23480663,0.241571195,0.666979866,0.143954576,0.379357485,2.090067114,0.296924129,0.465234899,0.410913238,0.712885906,0.5220864315,0.361175666,0.573888666,0.344098884,0.29967541,0.400356268,0.370707596,0.188215904,0.807086939,0.153778997,1.969798658,0.283971982,0.409064689,1.460031155,0.112402143,0.150144211,0.176976802,0.125052349,0.161529283,0.184861564,0.17433414,0.124884831,0.261998492,0.120110562,0.527242289,0.328245078,1.55434693,2.307869798,0.150944569,1.132736764,0.948825711,0.239752435,0.139052354,0.11009687,0.135520833,0.438354462,0.114257327,0.155923994,0.145719399,1.506520119
Control,C/S,Memantine,c-CS-m,3499,0.288176638,0.457690109,0.284346847,2.018279014,3.161823362,0.196930505,0.151851852,3.076353276,0.164957265,0.997855918,0.371497999,0.264245014,0.311538462,0.212393162,0.738888889,0.513390313,1.267378917,1.829759863,0.450251256,0.516437965,0.274539363,0.287635799,0.140024142,0.996581197,2.123789174,1.109116809,0.205527638,0.207965264,0.590337336,0.138299707,0.348198971,1.846340766,0.273840317,0.429106154,0.409401709,0.648717083,0.497171306,0.323331609,0.515803254,0.333333333,0.264854828,0.347811448,0.490708977,0.168195719,0.861799319,0.144024961,2.412113072,0.261458656,0.526307535,0.894704243,0.273773471,0.139088299,0.161427687,0.105890658,0.148697759,0.172034686,0.177853553,0.109953305,0.237641942,0.117107224,0.523648914,0.315352697,1.448913981,2.13425209,0.136785786,1.049666869,0.871167544,0.230062588,0.148420564,0.104400345,0.113466586,0.404199475,0.166356762,0.144212168,0.15643378,1.537163208
Control,C/S,Memantine,c-CS-m,3507,0.371069182,0.540215589,0.313173157,2.304441824,4.006840796,0.233110511,0.182270091,2.17197327,0.211133741,1.282374101,0.554104478,0.332385151,0.295263832,0.255155739,0.879713914,0.621423927,1.637531069,1.141259321,0.381308148,0.63960232,0.324358613,0.367775585,0.171085336,1.068351284,2.973280862,1.168532338,0.249792875,0.256432495,0.735055473,0.165681872,0.386947585,2.215588723,0.319015787,0.458160729,0.402858326,0.775683513,0.577158299,0.341135046,0.584162521,0.399544325,0.289593698,0.381453563,0.18019884,0.178139779,0.970839354,0.157926462,0.97320021,0.298372514,0.50571391,1.019094994,0.108793325,0.153765471,0.148167608,0.118344384,0.157569113,0.199747654,0.175524365,0.124934314,0.287178678,0.147177014,0.587114726,0.295323174,1.623927178,2.353576073,0.157362406,1.203120936,0.84123624,0.224959448,0.187126138,,0.129383949,0.496978455,,,0.244712991,1.558191403
Control,C/S,Memantine,c-CS-m,3520,0.618551329,0.739200257,0.331195244,2.437319117,3.897371715,0.259033242,0.191766545,3.526595745,0.208286494,1.611183866,0.728799838,0.329211498,0.381403565,0.308233455,0.855913642,0.620150188,1.538642053,2.231026552,0.551469407,0.603254068,0.586694605,0.359039548,0.182571965,1.054599499,2.436639549,1.445244055,0.272819267,0.288820275,0.752033792,0.182554139,0.398450738,2.087765957,0.314860226,0.451691754,0.40546697,0.736024372,0.519512834,0.342269612,0.591527988,0.364833786,0.288093415,0.372124905,0.559292866,0.187553722,0.973538671,0.165404638,2.491351924,0.3101249,0.600309438,1.444992768,0.248753653,0.1502010505,0.165915086,0.127690672,0.161282073,0.217849044,0.221591886,0.122375764,0.225474347,0.117758295,0.537532216,0.325900164,1.781572165,2.319748149,0.150077359,1.279822963,1.009401709,0.241409922,0.162454874,0.12107547,0.114353782,0.487278666,0.16707848,0.16386654,,1.579311153
Control,C/S,Memantine,c-CS-m,3521,0.618862876,0.835317726,0.351973244,2.38934044,4.126449034,0.241070416,0.190594941,4.88956181,0.210280996,1.617163184,0.85147801,0.332965821,0.342788654,0.299047403,0.777333866,0.625582945,1.43973898,1.995039683,0.511571906,0.660778659,0.618810118,0.372326351,0.185281778,1.142608696,2.711705686,1.50916388,0.265449597,0.286049027,0.782876254,0.182223014,0.4109699,2.304080268,0.339942322,0.436010121,0.365705931,0.730190438,0.512418736,0.365756163,0.54957759,0.379613591,0.302271089,0.370702341,0.413057961,0.175494132,0.909737157,0.165941025,1.936548223,0.312953853,0.486782418,1.60081339,0.173488327,0.149913919,0.167623194,0.120075825,0.156630824,0.18880025,0.196571958,0.111785934,0.205146254,0.118006907,0.486542648,0.281323322,1.467699046,2.176231941,0.138567164,1.208841099,0.947278005,0.24236163,0.140210006,0.097850746,0.099579409,0.451314217,0.11926767,0.135114268,0.156391876,1.537384639
Control,C/S,Saline,c-CS-s,3477,0.46461474,0.66231304,0.37947644,2.217319993,4.41249795,0.292713568,0.199278334,4.163798484,0.238256741,1.730318258,0.727617443,0.375266525,0.402085747,0.32462608,0.805982726,0.931746366,1.609808102,2.562351701,0.540619765,0.696229197,0.471406491,0.392670157,0.207522357,1.24815483,2.477583159,1.308481675,0.2743293,0.306157551,0.749056913,0.185857216,0.433371958,2.248974906,0.387873384,0.520353171,0.443660817,0.82863169,0.690709382,0.453881808,0.62238074,0.432902716,0.400738202,0.500630662,0.494765494,0.162300538,0.771841398,0.164439787,2.151489859,0.291236454,0.341727152,1.773297491,0.303944175,0.16125988,0.183911247,0.115017105,0.151052231,0.152530376,0.172645221,0.122071875,0.183400641,0.112129945,0.410182517,0.30599235,1.437865689,1.887424085,0.137043611,1.093115644,0.719574037,0.222806795,,0.115716019,0.10936267,0.396953405,0.18781466,0.153238174,,1.347836149
Control,C/S,Saline,c-CS-s,3478,0.362683824,0.565781797,0.350977797,2.41493898,4.38391413,0.237580545,0.179696616,2.959123658,0.188526294,1.342560961,0.427783903,0.311607697,0.373151472,0.277881233,0.845169828,0.58667843,1.646441074,2.122905028,0.494871349,0.663506418,0.331617647,0.356614136,0.179595588,1.25628584,3.029554477,1.388273046,0.257809629,0.301293461,0.755688448,0.165012863,0.382292882,2.219085429,0.323006243,0.467428437,0.376102941,0.731510072,0.587132353,0.393096949,0.600058343,0.405348098,0.326527081,0.423489221,0.37206402,0.170129667,0.896091006,0.167138409,2.086628078,0.319896167,0.424407115,1.940132163,0.298155637,0.150862727,0.197029849,0.116388064,0.158947214,0.159350102,0.197547258,0.121621622,0.191688799,0.103030776,0.496365968,0.321504917,1.522930569,2.083586775,0.143645627,1.14298419,0.895750988,0.219453022,0.149564819,0.12984675,0.127930933,0.488428227,0.204993129,0.169739103,0.19393172,1.763146644
Control,C/S,Saline,c-CS-s,3479,0.479742522,0.633661492,0.343633656,2.4363974,3.873813041,0.177459465,0.131279573,2.717531238,0.196818685,1.455831791,0.559811069,0.193574057,0.404257436,0.209604349,0.81736795,0.562174237,1.541920127,2.271779598,0.368871439,0.503976644,0.382563173,0.332733813,0.166071429,,2.789808917,1.321891686,0.213127957,0.240148109,0.679963499,0.162881608,0.387617595,2.034037748,0.316847395,0.446349728,0.383261635,0.685665168,0.571382481,0.368770764,0.56254959,0.340867064,0.320212938,0.41490563,0.686293071,0.156617172,0.699821322,0.161666937,2.467143141,0.291420118,0.388560158,1.473329308,0.149692277,0.14701211,0.177384982,0.115554877,0.155196189,0.162596784,0.154832347,0.121290741,0.246678744,0.138523925,0.492110454,0.312198068,1.273595868,2.118571509,0.143688363,0.996823506,0.867163427,0.236763964,,,0.119548407,0.437839655,0.138385668,,0.18287037,1.499770221
Control,C/S,Saline,c-CS-s,3480,0.29067136,0.462613293,0.299093656,2.247674126,3.910736736,0.148613291,0.124790747,2.899545602,0.159039477,0.921749479,0.445562397,0.213192721,0.32612522,0.172868997,0.800981873,0.761892616,1.473942598,2.135755455,0.318134822,0.418303122,0.238670695,0.296198389,0.141941162,0.790281974,2.552097947,1.191853156,0.18352251,0.195923832,0.632678751,0.131598793,0.364722152,2.050981873,0.280337362,0.434760132,0.352276108,0.662260826,0.50863493,0.348169876,0.501084045,0.336309144,0.273880597,0.368619562,0.297341943,0.17860902,0.775564732,0.151338297,1.829854369,0.2760373405,0.307561682,1.652298622,0.125408334,0.146137153,0.180989583,0.115438216,0.147428109,0.15597952,0.140140016,0.114236111,0.23822803,0.116803442,0.484418403,0.294174757,1.515656123,2.071965239,0.143613651,1.018921519,0.831221146,0.21367945,0.129382236,0.112818289,0.1261745815,0.410246196,0.105707196,0.15022178,0.137736141,1.716630536
Control,C/S,Saline,c-CS-s,3484,2.017503896,2.003237022,0.382448148,2.713343724,5.243735763,0.20977558,0.17798120550000002,2.756666667,0.217360029,3.989405533,2.570054371,0.29579288,0.353818559,0.272509291,0.896486826,0.612124779,1.765370138,2.115200955,0.483931725,0.748711186,1.823711596,0.401387512,0.190568655,1.439155977,3.420573073,2.177077089,0.283217753,0.332507433,0.82517775,0.171798428,0.407988289,2.79234844,0.334985134,0.426447668,0.320585062,0.70072316,0.551333068,0.403805939,0.560016729,0.371151179,0.31752196,0.415058147,0.307996643,0.180321771,1.001580954,0.186055218,1.543677391,0.319979789,0.343160048,1.090300381,0.12681329,0.179041456,0.201519214,0.105150414,0.139360873,0.164477973,0.297569153,0.130297103,0.224360795,0.125596631,0.400391171,0.264295742,1.169115583,2.060833979,0.136150568,0.892594197,1.057182967,0.20351731,0.148702688,0.129468275,0.113066965,0.469460227,,0.164097408,,1.9707905
Control,C/S,Saline,c-CS-s,3497,0.510466989,0.678288823,0.340028558,2.576029446,5.221933729,0.20747189,0.171362852,2.261329653,0.186797243,1.758115183,0.764713155,0.310436635,0.319006166,0.244287269,0.962272832,0.647803083,1.745919881,1.48056443,0.412673056,0.739490603,0.417301415,0.375399361,0.184178375,1.410591222,3.21884273,1.268051434,0.245919478,0.270766773,0.65677547,0.173739572,0.403619197,2.363254204,0.32972973,0.49618204,0.381032376,0.841070024,0.622426682,0.488329399,0.635982166,0.528924669,0.392864865,0.535011802,0.22367546,0.216133652,0.978294323,0.160362841,0.669309762,0.27261683,0.359520531,1.207259874,0.085155131,0.177533004,0.177059153,0.108684313,0.132825788,0.142669943,0.170679771,0.13071851,0.223212116,0.127075403,0.366385872,0.241460542,1.402769904,1.790762827,0.140811456,0.948350216,0.682351988,0.193767114,0.131691909,0.133460621,0.136470398,0.412496239,0.116705355,0.162549607,0.155341378,1.27793715
Control,C/S,Saline,c-CS-s,50810A,0.305080514,0.542472749,0.304625356,2.345084945,3.8068579,0.194019608,0.156628941,2.369991262,0.19754902,1.002564876,0.54,0.295392157,0.334388807,0.233578792,0.838849062,0.819901961,1.64754902,2.09967593,0.430998156,0.63254902,0.237923417,0.30695294,0.149544376,1.32386823,2.80919179,1.21892489,0.227254902,0.27799276,0.692133949,0.138431373,0.336862745,2.157156863,0.268683099,0.398008449,0.343438437,0.696666667,0.465104969,0.328488658,0.47017673,0.32517788,0.256638503,0.349700481,0.200211225,0.229970942,1.196266739,0.199114432,1.96706794,0.371454269,0.48685609,1.015582724,0.095018777,0.175969536,0.206600903,0.121627231,0.164037637,0.221253632,0.160419471,0.12463686,0.287595923,0.174553757,0.539091032,0.303192209,2.193302892,2.443821779,0.142889699,1.198701474,0.968935935,0.224851252,0.152313255,0.133046826,0.135548785,0.526376302,0.13557854,0.17516364,0.183063512,2.024808538
Control,C/S,Saline,c-CS-s,50810D,0.40444979,0.5884546,0.285345146,2.33382552,3.648086625,0.197600702,0.15456121,2.651531931,0.181616833,1.140943798,0.481815033,0.262544803,0.343054017,0.234283914,0.789657246,0.504122062,1.458840901,2.038916023,0.511258767,0.625496091,0.322987238,0.308964865,0.147664098,1.101264238,2.427956195,1.223698782,0.219426712,0.264312884,0.633690169,0.14390681,0.352159468,2.110495878,0.276129678,0.401802478,0.369308335,0.67527966,0.453341242,0.337797385,0.481959981,0.384539344,0.274609016,0.371041437,0.368490679,0.193992095,1.000850209,0.19541502,2.196845851,0.333092311,0.545988561,1.067970781,0.142608696,0.172039116,0.203771027,0.111377338,0.151984321,0.174178517,0.148549851,0.124938756,0.265059289,0.137470356,0.485285313,0.284164859,1.746869686,2.204707962,0.144194566,1.096116566,0.961422925,0.217637439,0.143462698,0.115779307,0.12298971,0.433576823,0.126895288,0.155805977,0.151651652,1.756827707
Control,C/S,Saline,c-CS-s,50810F,0.413499112,0.555649479,0.335251046,2.240142096,3.794308256,0.275579809,0.203103208,3.768140981,0.255885758,1.526875853,0.645533953,0.334515689,0.303410641,0.340319912,0.806674021,0.71682164,1.546248295,1.313506139,0.474076117,0.688086045,0.477937121,0.467311234,0.210089539,0.982901269,2.480135249,1.0676417054999998,0.284583902,0.301886792,0.721570627,0.233868695,0.402931229,2.081081081,0.357001972,0.420615855,0.330570902,0.753628196,0.634208103,0.390053286,0.530695771,0.464142091,0.337286266,0.403939185,0.246001103,0.172089041,0.835616438,0.203419173,0.968837914,0.304879571,0.621739673,0.8264372025,0.103878583,0.191568297,0.178246206,0.108884236,0.137776114,0.131028668,0.150867356,0.140036138,0.188511646,0.107828206,0.391509434,0.239966273,1.208412051,2.077181208,0.160876897,1.167261601,0.655660377,0.189103829,,,0.10455312,0.358853288,,,,1.452389866
Control,S/C,Memantine,c-SC-m,294,0.32083075,0.485576093,0.316701903,2.495654464,3.722555663,0.25451931,0.192276089,5.105073059,0.223288382,1.36807611,0.405814906,0.334945586,0.291242011,0.285332786,0.908454357,0.889455782,1.79123444,1.170924414,0.41440611,0.66994267,0.299154334,0.392389006,0.187551356,1.008011504,2.198644207,1.146006224,0.251298879,0.284921939,0.693446089,0.177153921,0.369556286,2.175340667,0.565247065,0.511503698,0.51839696,0.860811167,0.57189811,0.354545455,0.584018077,0.335661463,0.308217308,0.39557782,0.444741167,0.155746911,1.02434739,0.133845196,1.53499349,0.28954523,0.241596639,0.968240237,0.064633534,0.146484375,0.161458333,0.134607564,0.156913866,0.192143574,0.142843355,0.109115489,0.261171702,0.13867617,0.59707887,0.26783129,1.681497925,2.45508612,0.175729115,1.438629518,0.870475803,0.264195682,,,0.135542169,0.479654948,,0.2371478,0.228868018,1.062830419
Control,S/C,Memantine,c-SC-m,3412,0.273375043,0.42405604,0.30015083,2.272786037,3.4878259,0.262757872,0.199522195,6.048754063,0.221366564,1.220399795,0.397974574,0.395222584,0.305551612,0.298736334,0.877311344,1.180456026,1.714626219,1.204560261,0.50392047,0.6964420465000001,0.261971831,0.371335505,0.2009375,1.057763301,1.946778711,0.966602025,0.2417084615,0.272192663,0.680241327,0.186656672,0.354017305,2.121606949,0.73979156,0.468621064,0.489150863,0.906701142,0.601733478,0.350140056,0.599018577,0.330087135,0.304442037,0.369880823,0.453737811,0.165135098,1.059257236,0.152188042,1.821071881,0.308227635,0.335993062,0.849627233,0.175421753,0.175440566,0.172952956,0.131483088,0.170808301,0.192244675,0.193035776,0.128360798,0.296941435,0.1587319,0.617266345,0.290258885,1.926133261,2.665996986,0.180671347,1.458292306,0.846532564,0.215063419,0.187192791,0.166690111,0.156208864,0.477817214,0.188352792,0.233438486,0.257560838,0.996723102
Control,S/C,Memantine,c-SC-m,3413,0.18980305,0.321797932,0.221028905,1.837851929,3.248826903,0.196059113,0.14707751,4.325908247,0.150980392,0.90412852,0.27525413,0.280827367,0.239675985,0.222045743,0.727841502,0.853333333,1.35088634,0.98875817,0.409223584,0.608724476,0.160130719,0.268746579,0.129411765,0.931895425,1.853594771,0.851633987,0.179215686,0.19928401,0.491527633,0.11483316,0.278264254,1.742614379,0.550834202,0.38573156,0.41028522,0.718774861,0.474409971,0.317820207,0.473475222,0.272236341,0.264736387,0.333260274,0.282478445,0.165395788,1.14778504,0.134026141,1.290486565,0.251997095,0.286310821,1.004477135,0.123910675,0.150601595,0.173182794,0.126815541,0.155330882,0.193173566,0.15168727,0.105568025,0.266249092,0.119099492,0.621506819,0.259847689,1.966010418,2.271423384,0.166171892,1.294480755,0.819716776,0.219734937,0.132204843,0.120503397,0.144448157,0.400277156,0.124737395,0.174343821,0.162894737,0.950074995
Control,S/C,Memantine,c-SC-m,3419,0.256428075,0.402272353,0.280010438,1.86717119,2.834132694,0.246452421,0.191751851,4.263243243,0.213480801,1.185892981,0.361929853,0.349876695,0.279873105,0.310977317,0.691986644,0.862432432,1.311586639,1.065535979,0.454794521,0.596816284,0.278839472,0.356230032,0.211138527,0.893783784,1.812162162,0.918058455,0.230919288,0.263622527,0.578179291,0.1872502,0.314632546,1.685135135,0.736691023,0.411917999,0.422960289,0.772194821,0.567509025,0.341209173,0.560819233,0.321577484,0.312195969,0.379951355,0.432490752,0.155070256,0.865527489,0.154487027,1.871221138,0.251228189,0.337182448,1.040146879,0.323053269,0.179004999,0.185865466,0.124682365,0.152530896,0.177861477,0.250682343,0.119271814,0.183051461,0.094115652,0.599457351,0.275470653,1.439545532,2.242561273,0.169577751,1.419113721,0.803289808,0.201468788,,,0.11342475,0.428293395,0.232626496,0.167089893,,1.081227743
Control,S/C,Memantine,c-SC-m,3420,0.244817518,0.384379263,0.268394346,1.966965889,2.979569892,0.236136281,0.208078995,4.527580071,0.225088968,1.230699529,0.342877854,0.362450163,0.289813167,0.28996013,0.740304458,1.052864831,1.468741543,1.135375136,0.447153285,0.583649635,0.255836265,0.357013411,0.192280072,0.961380184,1.500625391,0.872461703,0.216563972,0.247372236,0.61707388,0.175309679,0.332495512,1.714857651,0.649051095,0.420804639,0.482239942,0.831460674,0.552917724,0.320389761,0.55475763,0.314507663,0.313700616,0.367660142,0.436933672,0.160385476,0.991550267,0.157613382,1.949578386,0.245214692,0.311650318,1.232837147,0.212397245,0.185394219,0.178330741,0.131456954,0.155119715,0.174214876,0.19257739,0.131199509,0.210909091,0.110018969,0.631605952,0.291260475,1.90705294,2.531139576,0.203138472,1.608380755,0.778771384,0.225090346,,,0.125363434,0.489502333,0.20950915,,,1.088864388
Control,S/C,Memantine,c-SC-m,3500,0.280754566,0.471667478,0.280898876,2.114466634,3.715213509,0.216545852,0.180061698,5.516317584,0.187551982,1.237734289,0.372331577,0.348714456,0.289966924,0.28115593,0.804676084,0.936515668,1.521026141,1.257717751,0.41678844,0.597484277,0.220330325,0.337569316,0.186190739,1.030524436,2.028088975,0.95112843,0.213057943,0.252106742,0.619418737,0.143794526,0.393083293,1.962656275,0.573469719,0.447088725,0.48849252,0.813141114,0.606252397,0.373004354,0.595023078,0.346210159,0.335059455,0.44937493,0.367743446,0.158055556,0.913718049,0.149879269,1.758247701,0.292229842,0.353414109,1.372809465,0.145972222,0.178302361,0.182777778,0.125605425,0.14582287,0.188637125,0.173333333,0.116837353,0.269192982,0.149673531,0.576845907,0.275694444,1.737696052,2.459087719,0.169885032,1.378042185,0.815583677,0.197236144,0.180600513,0.169596518,0.14677475,0.487852805,0.189406453,0.235326506,0.237972988,1.033374261
Control,S/C,Memantine,c-SC-m,3503,0.279877261,0.39421022,0.290876474,2.119730853,3.634350107,0.209140436,0.17250202,4.522603274,0.184951177,1.347614564,0.350545596,0.301729163,0.289548023,0.246155818,0.782203225,0.857560405,1.509202454,1.268751237,0.355510296,0.599026993,0.2485304315,0.344869378,0.164653157,0.973070831,1.682762715,0.920498831,0.212942806,0.227191767,0.528003166,0.132894014,0.340802806,1.804740626,0.446028513,0.477396726,0.527686031,0.812784484,0.697669156,0.43538492,0.617583369,0.392242232,0.400623539,0.483341876,0.519795314,0.173803036,0.908236796,0.148518737,1.536693404,0.258602711,0.212019634,1.188229631,0.191540423,0.20842811,0.199209865,0.126666667,0.13643441,0.181072161,0.191667425,0.11748609,0.239434934,0.135266641,0.46429003,0.267768364,1.413293051,2.128821752,0.173426405,1.352676016,0.732980184,0.212205438,0.187407407,0.172752305,0.15419229,0.438854696,0.211756311,,0.237160302,0.752740741
Control,S/C,Memantine,c-SC-m,362,0.342356378,0.510950722,0.284480099,1.966214927,3.008016797,0.210388095,0.168084765,3.632945219,0.175563098,1.234458081,0.355151817,0.279851898,0.268440338,0.234347618,0.728935438,0.599552016,1.338614239,0.95571674,0.392179749,0.653838898,0.271665044,0.333819667,0.161441091,0.907416625,1.978812751,1.073571024,0.210086163,0.245374878,0.533847685,0.143351003,0.411149826,1.710250048,0.55248296,0.496387863,0.524634859,0.8195537,0.599775245,0.389951602,0.5439431564999999,0.319182084,0.312802876,0.438262695,0.405961139,0.134276682,0.906422018,0.119666895,1.269380734,0.233039648,0.244151376,0.727532741,0.090638259,0.126658843,0.163417431,0.123178609,0.144193475,0.17008898,0.166561343,0.098531571,0.206593657,0.099311927,0.577417174,0.259981946,1.222764451,1.949463838,0.169746749,1.138350608,0.823423152,0.256761566,0.154232261,0.133256881,0.130425782,0.376797444,0.129933835,0.190166553,0.181040383,0.970344724
Control,S/C,Memantine,c-SC-m,364,0.285643727,0.466666667,0.319888047,2.479420481,3.7,0.273193144,0.194603434,4.765943741,0.244563827,1.317583697,0.329378925,0.342275042,0.305335304,0.313482948,0.846897144,0.818306011,1.662295082,1.217906787,0.473060067,0.73521465,0.303265485,0.400058574,0.193160622,1.085677475,2.419945355,1.187685216,0.258106077,0.293425428,0.722866718,0.205159922,0.349687191,2.204638179,0.683701188,0.467038866,0.432591456,0.824957555,0.579430995,0.369114257,0.562139219,0.326792041,0.295415959,0.37586434,0.453967132,0.171710349,0.972947761,0.145207342,1.754610545,0.271164225,0.314509592,0.892845032,0.098756906,0.137070675,0.172484953,0.126992201,0.162046908,0.187108656,0.177313536,0.100218341,0.202235929,0.0982827525,0.551104972,0.275713184,1.487695445,2.420305677,0.16615802,1.388443236,0.835808011,0.195984018,0.128613888,,0.110060189,0.465864144,0.124466951,,,1.091343025
Control,S/C,Memantine,c-SC-m,365,0.269843488,0.462939355,0.307015092,2.287379348,3.684531278,0.237968561,0.183424235,4.286193404,0.209019508,1.287783467,0.338177753,0.360043708,0.306501548,0.298124203,0.833985467,0.812690446,1.638904416,1.248952832,0.446070133,0.731493099,0.255157279,0.371517028,0.174045528,1.203441477,2.591503854,1.162036207,0.247256767,0.292465252,0.686502958,0.174762502,0.327222925,1.971141782,0.69046987,0.449644873,0.421234748,0.795847751,0.559096704,0.340375159,0.5593064655,0.328395752,0.291503633,0.361099184,0.354033874,0.183760079,1.009902391,0.140143328,1.608860648,0.292004954,0.337231969,0.892522296,0.12095063,0.1411653115,0.193957115,0.12618475,0.16653605,0.182597759,0.187833602,0.106588502,0.212325635,0.102443069,0.56279234,0.27384065,1.570714809,2.454661197,0.164941417,1.397896181,0.88723206,0.197804711,0.1487486555,,0.118644068,0.507243921,,0.209821043,,1.163785154
Control,S/C,Saline,c-SC-s,3422,0.298967507,0.453546911,0.314818165,2.389053592,3.738901602,0.243484225,0.187014175,3.610983982,0.196567506,1.31559694,0.332624221,0.312814645,0.320366133,0.28173128,0.882487426,0.791495199,1.638540479,1.303432494,0.413682523,0.826773455,0.272172066,0.385023898,0.180828465,1.103990878,2.080778032,0.984439359,0.233277747,0.260433295,0.623717218,0.162700229,0.387944769,1.966590389,0.857208238,0.568533333,0.597482838,0.904761905,0.625971651,0.421060629,0.6808369125,0.315605531,0.364761012,0.451948052,0.496796339,0.151668103,0.774035517,0.140424718,1.402571953,0.250336803,0.236299162,1.213349663,0.13637455,0.149421299,0.176852419,0.133920031,0.153901561,0.193508879,0.171664744,0.119583411,0.220820576,0.114885954,0.568547419,0.296982277,1.494887131,2.099500886,0.188966949,1.291754352,0.785300997,0.251730104,0.155342137,0.144297719,0.143539498,0.374930259,0.152941176,0.21024006,0.191304348,0.950141573
Control,S/C,Saline,c-SC-s,3423,0.268268516,0.506270154,0.338841474,2.788427087,4.926276988,0.266812865,0.20626581649999998,3.666965245,0.241280732,1.286718042,0.336844017,0.36203424,0.310695478,0.315562581,0.977248298,0.912111858,1.855456691,1.320682767,0.44143817,0.865988742,0.2862197385,0.414200109,0.195834228,1.277499104,2.773557865,1.174847725,0.272438803,0.307416697,0.811357936,0.190257221,0.386672711,2.572912934,0.859701493,0.49845651,0.429506546,0.834574178,0.551845756,0.385524901,0.615073113,0.291628836,0.30893019,0.391078466,0.354748113,0.192594897,0.935397317,0.154125961,1.453024319,0.302688087,0.2913296,1.463417169,0.066722095,0.144342729,0.186863438,0.137744552,0.167152409,0.21367699,0.168134101,0.10833476,0.221810301,0.120876599,0.555624355,0.298384996,1.70794441,2.542118863,0.163082954,1.358449387,0.807397794,0.213466305,0.144980254,0.123986697,0.112353721,0.526446795,0.11744186,0.165891473,0.193424601,1.33880289
Control,S/C,Saline,c-SC-s,3424,0.340412435,0.509439616,0.325225435,2.364419821,3.551945599,0.245060337,0.201015727,2.769778682,0.214777302,1.4193927815,0.442963388,0.3401243145,0.28442148599999995,0.30108055,0.860826772,0.717451524,1.623005661,1.193503937,0.413340406,0.8082373615,0.338582677,0.398537838,0.192628993,1.152662358,2.255018013,1.10984252,0.266604723,0.2940025355,0.7276390699999999,0.190078585,0.362068966,2.111682964,0.973329338,0.47338267749999996,0.4400170035,0.7779459215,0.566142764,0.345713559,0.6065697125,0.293363223,0.303217626,0.369493557,0.34713098200000003,0.168283482,0.950445986,0.153462679,1.327137187,0.290279627,0.305151556,1.35530787,0.084273481,0.15201953,0.183373754,0.13971794,0.164030858,0.193702092,0.20002959,0.120057859,0.196411581,0.116949609,0.561003608,0.29285831,1.50503033,2.438909774,0.17694326,1.323143684,0.877148971,0.227643493,,,0.123555797,0.476417018,0.160391464,,,1.208780881
Control,S/C,Saline,c-SC-s,3481,0.287488358,0.472821204,0.311025145,2.510828977,3.934652726,0.231622927,0.183159074,2.947162061,0.218073189,1.180346087,0.326145553,0.326663564,0.288974855,0.2730259,0.886073501,0.817961165,1.747012696,1.168258299,0.401627034,0.74681713,0.256691474,0.366684792,0.177369439,1.139096341,2.304331591,1.021145975,0.250870406,0.273135669,0.71004481,0.172143391,0.372442019,2.402165795,1.063666916,0.502182285,0.464712472,0.806635974,0.6034354,0.353865693,0.593449239,0.292740926,0.302477184,0.402910414,0.34290593,0.179587605,1.007757244,0.146801408,1.174625038,0.296184928,0.287338031,1.261554943,0.111111111,0.158683172,0.180950216,0.13457604,0.168171558,0.202600958,0.172065325,0.118964204,0.294495413,0.167151163,0.603474529,0.299965442,1.707206183,2.59375476,0.171884869,1.296602388,0.828178046,0.26084995,0.168183389,,0.142117289,0.518632139,0.15662788,0.218115446,,1.185213127
Control,S/C,Saline,c-SC-s,3488,0.272581792,0.42941704,0.288584637,2.265253928,3.187264574,0.18899293849999999,0.158948582,2.829480797,0.198079659,1.4101469115,0.319282511,0.262148338,0.255151515,0.23153753,0.815611664,0.737375533,1.607782243,0.998923767,0.378630705,0.770411204,0.247881356,0.352542373,0.150313901,1.191210762,1.990576102,0.900269058,0.210816448,0.226188341,0.580197296,0.147094431,0.346547085,2.038026906,1.012787724,0.481086904,0.50798722,0.728993776,0.540072639,0.363232323,0.592171415,0.27747187,0.290583136,0.38328646,0.363680387,0.158022483,0.841208862,0.135349529,1.00369155,0.241007194,0.275950668,0.969266231,0.11369443,0.147454123,0.159967186,0.123546136,0.15238827,0.174629535,0.176513912,0.11082996,0.240904419,0.111267246,0.565711948,0.272506083,1.321038961,2.196601942,0.167268274,1.1106229,0.736030168,0.251636661,0.142138112,0.125307629,0.135740812,0.409581646,0.140475575,0.197854743,0.189268792,0.914581624
Control,S/C,Saline,c-SC-s,3489,0.235487662,0.441642651,0.297936893,2.528499001,3.878764918,0.246033263,0.19424,2.601032307,0.231962397,1.444027224,0.305127399,0.337714152,0.281856796,0.297490126,0.880163305,0.724947907,1.634677882,1.188040346,0.44784,0.786023055,0.29009009,0.389985985,0.17568,1.086935639,2.516330451,1.082202256,0.251703878,0.293488518,0.76243932,0.199199199,0.337896254,2.328290106,0.969963592,0.443871359,0.401079559,0.756724304,0.556356356,0.351820556,0.545402409,0.278730905,0.286882668,0.369334767,0.35776,0.165907456,0.972345542,0.142816622,1.2624461,0.272638181,0.298593879,0.926694329,0.064253177,0.135578998,0.167934465,0.127121123,0.154620495,0.195756413,0.142540769,0.102238187,0.198507899,0.102209618,0.4975505,0.264573148,1.495674372,2.461915308,0.152436216,1.279819471,0.780728987,0.202801627,0.126535986,0.110126433,0.106995111,0.476009362,0.109771664,0.154588002,0.194691084,1.299673805
Control,S/C,Saline,c-SC-s,3490,0.287589325,0.481697535,0.323465072,2.475134899,4.349715619,0.229149115,0.184161752,3.303485489,0.221962958,1.259543735,0.351028146,0.298237686,0.289631034,0.275051975,0.902738291,0.741432113,1.725535949,1.222859108,0.433857282,0.844313395,0.264333782,0.358936146,0.168150488,1.410237713,2.730786058,1.093918623,0.245368278,0.292024401,0.699577075,0.161726565,0.357590783,2.360653347,0.798308298,0.433134024,0.422050459,0.760872665,0.532873927,0.351062313,0.572407758,0.281610055,0.283214234,0.371167831,0.269651451,0.177855275,1.022938019,0.153772026,1.178006132,0.291885518,0.324740614,0.93378884,0.120313862,0.150177724,0.197907585,0.134933612,0.159019422,0.199163898,0.173494491,0.112610132,0.210222319,0.11306022,0.615359932,0.276985743,1.601668628,2.346589749,0.165060573,1.303400041,0.82024709,0.234143601,0.152528833,0.13483053,0.132581172,0.542053034,0.147022776,0.184807025,0.209871353,1.367022618
Control,S/C,Saline,c-SC-s,3516,0.212589228,0.332007003,0.242877606,1.873468088,2.991723699,0.188578845,0.154929577,3.010520275,0.187309424,0.895256597,0.232593726,0.247045491,0.240331052,0.217884463,0.761408599,0.656374343,1.300015916,0.773871576,0.423429319,0.667833837,0.1902105185,0.29799268,0.163579905,1.081489734,1.681362406,0.696800891,0.191628203,0.200541143,0.517888943,0.136857201,0.292217094,1.782906255,0.628784199,0.406678959,0.41813602,0.677888153,0.476683113,0.307723827,0.532459123,0.26145378,0.277032272,0.336188077,0.336229853,0.169901368,0.899569746,0.152740758,1.247216036,0.250666358,0.52571996,0.912388458,1.076563246,0.183310688,0.166242444,0.13306852,0.175824176,0.173120471,0.47429689,0.133619191,0.248387581,0.12732989,0.665618684,0.280477327,1.509639697,2.349637681,0.176070856,1.151662484,0.727538623,0.227388235,0.161118659,0.145323908,0.137223529,0.409759964,,0.225547835,0.346058837,1.060235507
Control,S/C,Saline,c-SC-s,J2292,0.252385846,0.385964912,0.355444872,2.31212647,4.542064308,0.235932301,0.178241081,5.303626487,0.197222222,1.040780827,0.299358974,0.313808283,0.356410256,0.283034953,0.844221106,0.72361809,1.600559482,1.737923947,0.453687899,0.726295642,0.229681979,0.36529144,0.186099162,1.0670661,2.328439289,1.093544646,0.252350427,0.292654714,0.760340162,0.15488276,0.3965841145,,0.464237517,0.509176332,0.480418139,0.779983829,0.565262076,0.395170789,0.615995007,0.371908127,0.331669358,0.40041326,0.549175501,0.188591022,0.827177201,0.149623588,2.208740296,0.290680473,0.416091593,1.37928616,0.370138018,0.156398574,0.189695734,0.13199005,0.166550868,0.192322854,0.277197631,0.121695792,0.239011845,0.164287503,0.551901743,0.316342535,1.421446384,2.2862027215,0.160006368,1.316264115,0.873666876,0.236630851,0.152293231,0.122980887,0.123424318,0.518070371,0.208751568,0.186037255,0.188441029,1.200942928
Ts65Dn,C/S,Memantine,t-CS-m,3414,0.668977725,0.916962494,0.324364552,2.291340906,3.627102948,0.209445902,0.170788417,2.222619375,0.209940828,1.758415388,0.885161438,0.256168204,0.320685547,0.251968504,0.743628641,0.428853155,1.411483254,1.587281988,0.44721777,0.567050971,0.639759222,0.320317528,0.179360652,0.940078883,2.41009415,1.417472294,0.250648432,0.267660151,0.761074029,0.170656071,0.449196826,2.221632282,0.313273662,0.367566748,0.298396605,0.629585799,0.524423544,0.32659361,0.494484227,0.28469131,0.252332889,0.355456089,0.38215774,0.158707188,0.820476054,0.154273136,1.648432224,0.279835391,0.344910757,0.853191693,0.154760333,0.137357095,0.171111748,0.102067465,0.14211099,0.182104961,0.184610968,0.102460203,0.213608958,0.111302517,0.435813035,0.266197644,1.25200193,2.458176556,0.115575397,0.962948668,0.887360789,0.197491558,0.116226923,,,0.367924528,0.120861051,0.118572118,0.140152339,1.750795948
Ts65Dn,C/S,Memantine,t-CS-m,3416,0.511217949,0.671428571,0.307472632,2.251920123,3.500682335,0.200075263,0.163002274,2.247619048,0.192925238,1.367216117,0.574862637,0.241183624,0.327093596,0.2420550775,0.779681577,0.415516421,1.404915515,1.654450262,0.440285205,0.554662623,0.448260073,0.307586207,0.168133382,0.984485407,2.26611069,1.310668498,0.240295567,0.2641395,0.705128205,0.15447898300000001,0.429487179,2.050844854,0.298746629,0.377446061,0.312812737,0.617536377,0.521951831,0.312957875,0.525102459,0.28386854,0.253456221,0.368360806,0.374222896,0.178448005,0.741363308,0.169888476,1.881303496,0.292180313,0.473154999,0.796075535,0.19189788,0.153813693,0.179343813,0.109337293,0.149794749,0.186668022,0.178816331,0.119418377,0.212144623,0.11245912,0.496318227,0.288173711,1.328169778,2.384091085,0.129215221,1.075001593,0.902354399,0.223953445,,0.12058234,0.108661251,0.404306405,0.155371389,,,1.648240447
Ts65Dn,C/S,Memantine,t-CS-m,3417,0.418160377,0.540952381,0.251415094,1.603571429,2.509409353,0.198253003,0.158633599,2.263089249,0.185714286,1.212968139,0.612285151,0.264545313,0.231660232,0.22697514549999998,0.588122605,0.541324576,1.173840134,0.778670048,0.35066145,0.474285714,0.365714286,0.29870535,0.165444015,0.730016769,1.917085895,0.756603774,0.205116207,0.223200414,0.546332046,0.138065959,0.389150943,1.481460779,0.275130208,0.348262548,0.300912987,0.624707534,0.533926065,0.25534238,0.421307128,0.331428571,0.247284453,0.328768829,0.16969112,0.17122871,1.087439173,0.163810102,1.00243309,0.308481361,0.411648418,0.678901866,0.183527984,0.164258856,0.164835165,0.122146528,0.156819301,0.165248367,0.178571429,0.12566792,0.267335004,0.153861625,0.627154111,0.282928339,1.81480358,2.315276273,0.166236918,1.140603671,0.776137271,0.239963504,,0.178832117,0.140201871,0.428527981,,,,1.516119221
Ts65Dn,C/S,Memantine,t-CS-m,3429,0.682577566,0.741792369,0.25594841,1.755392484,2.729597509,0.187888199,0.15924506,1.953746942,0.179520248,1.567191127,0.967613132,0.262316224,0.232031943,0.210140093,0.678875419,0.556566105,1.276628864,0.929236912,0.332221481,0.531687792,0.527169714,0.298289738,0.149733807,0.781632199,2.046362023,1.011716207,0.217298736,0.2243111,0.49299533,0.142496494,0.417203193,1.563664596,0.289929015,0.428571429,0.393522626,0.689687292,0.602733782,0.335310807,0.491707984,0.368218085,0.277506655,0.388696348,0.195511994,0.16200911,1.062744618,0.142399699,0.668841561,0.252178242,0.445572407,0.767245597,0.087307279,0.149296208,0.166340509,0.108457466,0.140195622,0.190693094,0.200398307,0.113963743,0.224559687,0.116090114,0.566144262,0.249681529,1.478466517,1.963918787,0.142969133,1.015269825,0.80742256,0.229905392,0.143266119,0.128424658,0.133138133,0.330854344,0.128951954,0.180528376,0.192047273,1.450695556
Ts65Dn,C/S,Memantine,t-CS-m,3504,0.713779191,0.905093237,0.274184316,2.078207626,3.014472586,0.175048481,0.143531769,2.136932925,0.170052881,1.682716393,0.93307529,0.210664479,0.263985527,0.205638237,0.727525745,0.376983023,1.270247704,1.224325077,0.426678445,0.4937298,0.621764542,0.264959644,0.153198653,0.870860006,1.794461453,1.325076538,0.189674367,0.205638237,0.590036181,0.128744345,0.374733388,1.905371556,0.266413987,0.359167334,0.373748975,0.589991797,0.459551243,0.308884095,0.458070075,0.298870381,0.262428204,0.369483183,0.396465349,0.158254034,0.867707133,0.168050016,1.519220698,0.254344228,0.485492825,0.908047166,0.212660323,0.158811312,0.172792929,0.106839845,0.145963229,0.175396714,0.218068536,0.11679182,0.25362019,0.122569301,0.485005998,0.281879918,1.423520535,2.187702943,0.13829127,0.96145386,0.938988897,0.215035109,0.140567718,0.113614315,0.123021583,0.328886404,0.155903936,0.157703428,0.169304556,1.541636116
Ts65Dn,C/S,Memantine,t-CS-m,3505,0.784335982,0.936297099,0.36123723,2.42068672,4.383087401,0.229505448,0.186861521,2.300082743,0.218874292,1.666430193,0.913127127,0.301463944,0.341657208,0.285888928,0.851589103,0.509222474,1.632519864,1.851163451,0.509340726,0.679909194,0.599318956,0.370012753,0.197902856,1.149971623,2.752642993,1.597190692,0.265168539,0.29483066,0.777951192,0.179775281,0.450482406,2.384364359,0.328501572,0.4055666,0.309639564,0.725312145,0.592903607,0.366628831,0.52922815,0.366708838,0.297956867,0.421679909,0.271708286,0.18102253,0.958737436,0.190140845,1.747046376,0.319572905,0.418621054,1.068065597,0.08975026,0.153485952,0.183795494,0.103119584,0.146895595,0.182235702,0.184876211,0.110976533,0.208786725,0.114024573,0.434577304,0.260813733,1.550034686,2.104974396,0.119836204,1.085202469,0.929529539,0.179131759,0.133975026,0.103537981,0.105272286,0.423452366,0.095921,0.133084427,0.15461325,1.898183615
Ts65Dn,C/S,Memantine,t-CS-m,3522,0.570857286,0.772761194,0.326418395,2.269182704,3.996295839,0.216693726,0.189292179,6.113647216,0.206402696,1.548462773,0.663046626,0.312631189,0.386557964,0.28021607,0.792788879,0.620207027,1.480973903,2.030497592,0.522379356,0.610097476,0.509000989,0.391159379,0.197879859,1.182594845,2.326578218,1.309672582,0.257787939,0.265062637,0.735881842,0.184533228,0.449247671,2.164700927,0.325703455,0.381899,0.332462687,0.634354954,0.579726368,0.333293528,0.549677573,0.371393035,0.307141151,0.40498827,0.519403417,0.17731226,0.792594681,0.192842632,2.042947091,0.294398204,0.586926026,1.144180791,0.339451242,0.164028447,0.173742652,0.110937063,0.15009895,0.163142562,0.190304042,0.127231638,0.19760591,0.116240267,0.459833536,0.278993007,1.216954023,2.072173668,0.134986226,1.173665014,0.836048023,0.197035943,0.158047321,0.124860957,0.117710522,0.474516039,0.178178743,0.157119021,0.212855935,1.631082846
Ts65Dn,C/S,Memantine,t-CS-m,361,0.430107527,0.598451863,0.351439258,2.478810879,4.521710847,0.239638768,0.186905338,3.71008322,0.218940162,1.221254636,0.605139047,0.342819971,0.375711575,0.276890824,0.886464263,0.839025933,1.692307692,2.336673733,0.521206257,0.618448637,0.390466531,0.350270681,0.183111954,1.083857442,2.533364959,1.401802657,0.281067014,0.292778289,0.838251895,0.173308033,0.411290323,2.268817204,0.325436983,0.456071757,0.377104703,0.73070758,0.549442191,0.347048301,0.559277931,0.360888482,0.300211416,0.379032258,0.480565946,0.182667029,0.800704353,0.16502994,2.242193938,0.321765406,0.371497006,1.614994108,0.130450548,0.156787131,0.194853951,0.112977513,0.148861434,0.179098722,0.150484997,0.120041869,0.219851662,0.119402985,0.487240918,0.312594382,1.406581452,2.390807724,0.138700027,1.224705527,0.923724092,0.228290437,0.161816698,0.126873758,0.110343866,0.501053017,0.123984107,0.160791136,0.168502799,1.93776
Ts65Dn,C/S,Memantine,t-CS-m,363,0.666568135,0.907500902,0.331990794,2.292778321,3.470664446,0.245305164,0.186377938,5.416006909,0.21971831,1.598356808,0.824556502,0.318568623,0.404670411,0.265957447,0.810989643,0.637239838,1.477184396,2.666762631,0.594835681,0.576058109,0.611910242,0.352326001,0.185114866,1.087543957,1.954099574,1.311331641,0.256339071,0.275160301,0.718727508,0.180475421,0.502498612,2.034362341,0.326855451,0.43179715,0.394780677,0.707199704,0.60818064,0.337193848,0.554321673,0.369794559,0.290209143,0.438460115,0.93337035,0.181637914,0.906209249,0.161314985,3.10668253,0.309940454,0.635971512,1.204433745,0.311620067,0.16116208,0.16981801,0.104412829,0.148835229,0.182431093,0.240250532,0.119968035,0.243472887,0.142874367,0.477428504,0.284489418,1.545575115,2.133553092,0.135950455,1.1984698809999998,0.939139683,0.221364842,0.174508041,0.126261113,0.121082885,0.444805697,0.186496133,0.183819155,0.202260559,1.556887424
Ts65Dn,C/S,Saline,t-CS-s,18899,0.404483431,0.591861598,0.295107632,2.008023483,3.473196881,0.276803119,0.192828307,2.55747319,0.205653021,1.555635063,0.581613058,0.351411846,0.299463327,0.301466158,0.730345334,0.695107632,1.485623782,1.245126706,0.423952976,0.656265002,0.429428709,0.395064289,0.1847781,1.013888889,2.736354776,0.984637542,0.258686483,0.288706434,0.688109162,0.180242223,0.407069971,1.87962963,0.353821138,0.438822066,0.364428664,0.740278445,0.76307295,0.369152047,0.560824397,0.420751342,0.333089669,0.469471624,0.235804438,0.173484622,0.921767692,0.172914059,1.372811406,0.311863702,0.624766258,1.251387176,0.198449288,0.199871936,0.188447953,0.121625675,0.156332454,0.164457229,0.19775897,0.151919616,0.147870426,0.103950617,0.487654321,0.33319363,1.370929382,2.041986828,0.176787916,1.269782024,0.66995998,0.224074074,0.189071265,0.177814273,,0.416419753,0.20438937,,0.269946011,1.327527744
Ts65Dn,C/S,Saline,t-CS-s,3476,0.438651138,0.700785232,0.300496593,2.129922624,3.277630211,0.239093676,0.17526209,4.144265759,0.23790276,1.29610343,0.593849043,0.360840474,0.407769665,0.277441996,0.743228602,0.859705062,1.539414617,2.438943048,0.534100247,0.572323232,0.369775506,0.345732854,0.179151702,1.178424339,2.319745395,1.125836366,0.239971175,0.282121271,0.731377757,0.162052117,0.434910201,2.001732302,0.313707946,0.387243422,0.323943662,0.741665042,0.563806444,0.289906943,0.487474747,0.354722997,0.271041202,0.393578935,0.471417023,0.212949135,1.062357481,0.183955069,2.905648774,0.319504687,0.61996273,0.925502943,0.30380635,0.169740674,0.193525834,0.112870672,0.153792817,0.210577176,0.230769231,0.125184578,0.206947332,0.129842748,0.511200914,0.307476061,1.910417637,2.219480331,0.14290667,1.245839965,0.861117102,0.241837572,0.167179127,0.127236167,0.123051682,0.489085239,0.193787603,0.164147352,0.214421677,1.760042098
Ts65Dn,C/S,Saline,t-CS-s,3483,0.435215054,0.680107527,0.279176201,1.979973118,3.070295699,0.178279098,0.147165794,2.291156279,0.19504644,1.258354505,0.479435484,0.239601561,0.286243877,0.212381279,0.701075269,0.459274194,1.270965137,1.768833576,0.423369277,0.566132663,0.328184003,0.315307161,0.154394939,1.169998676,2.079435484,1.161424731,0.20812922,0.215808288,0.622311828,0.139156013,0.421505376,1.844354839,0.283198729,0.263531296,0.276976036,0.28844086,0.247804878,0.305108715,0.266953293,0.311787749,0.253464988,0.383547009,0.416294771,0.202014011,0.907347966,0.15849387,2.630346144,0.295393424,0.635985079,0.870471144,0.470505122,0.1681530785,0.185998091,0.104710679,0.143026355,0.166999219,0.2522077,0.12732049,0.23178634,0.11762628,0.490992582,0.311701968,1.337121541,1.997397415,0.156174506,1.127790608,0.843262208,0.224950117,0.150774478,0.119829284,0.126984127,0.367936375,0.217250438,0.162730228,0.198166739,1.38657066
Ts65Dn,C/S,Saline,t-CS-s,3498,0.818823529,1.004991948,0.287444021,2.101449275,3.346491956,0.19106081,0.156056452,2.040475734,0.207415254,2.02173913,1.158235197,0.267216574,0.265787739,0.223169865,0.712721417,0.549344833,1.489371981,1.355560792,0.360386473,0.620832642,0.749467364,0.348126673,0.165355841,1.104669887,2.693979101,1.327697262,0.223917023,0.244580584,0.681991525,0.166644693,0.405932203,1.948148148,0.29736098,0.362865221,0.260481713,0.635294118,0.513931259,0.307731092,0.453325198,0.343193277,0.242591517,0.346386555,0.1529375135,0.209493671,1.053164287,0.172839506,0.957067511,0.302887804,0.613477606,0.859433061,0.091139241,0.158544304,0.177832042,0.113059818,0.147823364,0.173913043,0.239662447,0.121987472,0.20312286,0.115189873,0.438607595,0.256978479,1.329113924,2.375771971,0.141208296,1.149221685,0.813368262,0.222885392,0.110096613,,0.102386533,0.370950127,0.10217345,0.145981527,0.156810702,1.583348482
Ts65Dn,C/S,Saline,t-CS-s,50810B,0.554878049,0.748555841,0.278250901,2.149200131,3.671534018,0.183087291,0.14478067649999998,1.81000899,0.171798231,1.577307838,0.76330395,0.254978779,0.26252866,0.197186295,0.830822142,0.5813543,1.522928267,1.278087127,0.32763754,0.646904684,0.410088438,0.318564218,0.138137539,1.098844673,2.577628562,1.227481166,0.201113659,0.219450424,0.61165524,0.120209385,0.434490665,1.88224697,0.287300399,0.430082843,0.323424939,0.689375712,0.592075057,0.334813084,0.508184882,0.386936523,0.273261508,0.420284431,0.154587006,0.201893026,1.078319091,0.159363909,0.759090909,0.278565765,0.561925172,1.602569668,0.076102604,0.159141474,0.162774546,0.11241984,0.150885004,0.142959193,0.215465667,0.123366231,0.226764162,0.116448137,0.514461458,0.275570434,1.597216104,2.104043697,0.144658261,1.052587692,0.826783034,0.195577482,0.124488124,0.109741941,0.12711039,0.365096218,0.101231499,0.153853023,0.145138071,1.416633948
Ts65Dn,C/S,Saline,t-CS-s,50810C,0.466737816,0.819374851,0.341565259,2.45241444,3.868289191,0.211204876,0.166014467,2.066552636,0.206868261,1.405766526,0.58577905,0.337424437,0.332478476,0.266165964,0.786957318,0.669887855,1.677284658,2.291296128,0.429207689,0.708780721,0.377976666,0.342209926,0.162117604,1.386457963,3.413731768,1.426487306,0.244603629,0.297490383,0.82438041,0.166692583,0.490857947,2.381003202,0.35154793,0.410292897,0.300191022,0.684204247,0.576712002,0.356716774,0.497687656,0.369145025,0.268364169,0.413456928,0.220799241,0.228023084,1.04234331,0.170864947,2.053606329,0.353733471,0.481087712,1.748959871,0.10243304,0.14295175,0.186216734,0.108566755,0.160804775,0.141987158,0.205533858,0.114820435,0.191188695,0.118776003,0.460505691,0.293191576,1.506710509,2.264595356,0.154274594,1.242959641,0.93399441,0.201118577,0.129542596,0.100473037,0.109498832,0.544449593,0.097652694,0.133911254,0.148699552,1.814629111
Ts65Dn,C/S,Saline,t-CS-s,50810E,0.489535799,0.704956727,0.305586153,2.233034571,3.695582586,0.208864266,0.164594544,2.580995137,0.207912143,1.329534663,0.55436664,0.297293927,0.314529915,0.25982906,0.725023084,0.552016645,1.540965208,1.972975376,0.437796771,0.611664075,0.397910731,0.338838374,0.159086872,1.069708891,2.713219285,1.342012927,0.243277849,0.27804878,0.753026332,0.159913057,0.476152369,2.062259923,0.305232107,0.388512982,0.294099135,0.6654105965,0.555365474,0.308103855,0.489838557,0.326829268,0.261200549,0.388827695,0.327255461,0.204148986,0.820831751,0.176028519,2.160518599,0.349761303,0.538739081,1.412804878,0.279718952,0.166808109,0.202752036,0.108777339,0.155433867,0.141543441,0.206228637,0.132019704,0.198252943,0.122768705,0.493049705,0.315134827,1.410653247,2.26024993,0.155775782,1.238533609,0.95097561,0.233502538,0.159306943,0.129794911,0.121570657,0.525401168,0.182035995,0.171264621,0.204958434,1.693505507
Ts65Dn,S/C,Memantine,t-SC-m,293,0.259435919,0.518396846,0.296144472,2.24195138,3.432490145,0.259162304,0.193240901,3.760676741,0.239527167,1.189547905,0.303815844,0.329000812,0.286456908,0.291410288,0.847742818,0.819973719,1.576872536,0.951868168,0.488508892,0.679301009,0.267393939,0.370748299,0.193717277,1.121879106,2.317343775,0.977484092,0.232328828,0.26171713,0.652145538,0.18467387,0.369763584,2.15390933,1.075067684,0.405226047,0.361954625,0.769808028,0.588132635,0.331190377,0.540218878,0.328097731,0.320199088,0.395686437,0.345706871,0.17812142,0.948960778,0.163377439,1.594451894,0.269482646,0.516415094,1.17490566,0.84114053,0.16584436,0.179098223,0.13530712,0.181206549,0.195335277,0.384951783,0.124355237,0.193196878,0.118972864,0.608432384,0.289501004,1.746626064,2.438743385,0.155794434,1.386833466,0.762169832,0.204728593,0.136832793,0.117290872,0.105111674,0.48938308,0.429506826,0.161256834,0.294801944,1.268831515
Ts65Dn,S/C,Memantine,t-SC-m,3411,0.288450264,0.521926796,0.307069344,2.253552054,4.067811935,0.238513045,0.198561726,3.315167876,0.234054277,1.425847815,0.322213344,0.335160406,0.312854442,0.298779805,0.797080858,0.892405063,1.575691036,1.147451543,0.424793008,0.762464479,0.230808166,0.362308858,0.183140575,1.189809347,2.525392273,1.080082666,0.239603025,0.280588776,0.669336089,0.15619411,0.452674203,2.439176649,1.399190147,0.466363277,0.44796201,0.845852457,0.630504471,0.372637051,0.558729525,0.342588893,0.378564857,0.457466919,0.337665406,0.160752854,0.999588604,0.162020073,1.325,0.303008596,0.298600311,1.435251426,0.141532301,0.175720886,0.18745464,0.129486784,0.163193364,0.176982893,0.143460252,0.123227657,0.258502854,0.159443596,0.568925307,0.269872667,1.973209169,2.337232585,0.162074957,1.301104972,0.830941869,0.198355792,0.17179886,,0.139101069,0.497081874,,0.223205817,,1.061175721
Ts65Dn,S/C,Memantine,t-SC-m,3418,0.286352165,0.473361159,0.319849754,2.305571734,3.449791309,0.241169591,0.20289611,2.54063344,0.203843795,1.387443946,0.286934576,0.32544,0.328654971,0.305425976,0.849005647,0.76675669,1.563221213,1.148514851,0.416618132,0.674660503,0.24790523,0.377336252,0.1802324275,1.139002136,1.859317456,0.962435551,0.238788585,0.267718148,0.613307145,0.174855744,0.45971656,2.00343727,0.86840167,0.535624151,0.620267909,0.889880451,0.814860681,0.491000947,0.710612855,0.411306841,0.450603252,0.574559607,0.588253868,0.166404777,0.761327014,0.149383886,1.374748094,0.241309868,0.221300957,1.072565245,0.789858491,0.22278951,0.197988686,0.122210251,0.158505454,0.179604023,0.340726577,0.13709369,0.201768868,0.13859208,0.453121374,0.27186964,1.414264435,1.847772512,0.164191228,1.221414914,0.679620853,0.22071636,,,0.14852634,0.387028074,,,0.338325472,0.722597038
Ts65Dn,S/C,Memantine,t-SC-m,3501,0.326462766,0.626193724,0.353193848,2.638235799,4.87660889,0.283847185,0.199416509,4.835421315,0.250964187,1.369267008,0.323400526,0.367114094,0.333788085,0.322473404,0.93557047,0.827876307,1.856718834,1.34430653,0.45998181,0.922587131,0.267785235,0.435545804,0.193362589,1.32272118,2.981122361,1.165604027,0.265145015,0.313170987,0.804026846,0.176174497,0.48415978,2.484983697,0.852579209,0.48441689,0.469256382,0.893815371,0.705931635,0.41263683,0.696209465,0.407003183,0.353945035,0.489393939,0.35924933,0.190272374,1.071384615,0.156523084,1.488719068,0.288239816,0.588977833,1.34319754,0.357128205,0.168432394,0.19156939,0.147867747,0.184775537,0.217096336,0.291179487,0.11681552,0.195692308,0.118188337,0.611384615,0.318041872,1.577392756,2.450738916,0.184979387,1.458071467,0.870547246,0.243692308,0.149641026,0.146810146,0.114974359,0.476838605,0.243331165,0.202170963,0.238153846,1.083568648
Ts65Dn,S/C,Memantine,t-SC-m,3502,0.281035689,0.529385965,0.376906928,2.528481456,4.535307018,0.326132223,0.235611766,3.835307078,0.255390597,1.611140031,0.320164843,0.402374203,0.353295993,0.368710135,0.911546536,0.859898108,1.811814346,1.400877193,0.509890682,0.893968604,0.318428184,0.487289961,0.232610659,1.21797671,2.411472448,1.228862572,0.301547117,0.334691708,0.871332626,0.217479675,0.420623671,2.453508772,0.835549335,0.557617533,0.521484654,0.953250548,0.726730141,0.464454976,0.719086601,0.407361529,0.413220816,0.493717926,0.457946554,0.189832271,1.02062861,0.163679107,1.748503437,0.306936899,0.367300456,1.411519958,0.180266872,0.178959741,0.188141984,0.139974873,0.169543537,0.182681056,0.200997315,0.120617944,0.194987853,0.123520999,0.53599284,0.283719548,1.514762516,2.466960018,0.177470912,1.508905476,0.818280848,0.219537144,,0.146144994,0.116371568,0.462014438,0.164477961,0.202848345,,1.043089119
Ts65Dn,S/C,Memantine,t-SC-m,3530,0.2980061065,0.542622951,0.307172131,2.600567913,4.158811475,0.267515924,0.202229299,5.87758758,0.22106136,1.28527261,0.329967988,0.354677419,0.3,0.302149682,0.894807434,0.852308917,1.896297771,1.23031232,0.425510958,0.721311475,0.267515924,0.418988854,0.202254098,1.049363057,2.282842357,1.129831204,0.255058043,0.294186197,0.774412368,0.179936306,0.442501847,2.274880573,0.547977178,0.473809524,0.466950623,0.857916769,0.586948077,0.348424595,0.603548387,0.332730561,0.300293255,0.40922619,0.392921726,0.170485437,0.945501618,0.142821442,1.65142784,0.289997858,0.316045588,1.200517722,0.07197411,0.145089,0.174809446,0.140481774,0.1623783795,0.191217224,0.145445458,0.109063291,0.221283135,0.109717244,0.559790079,0.292884908,1.489048188,2.790613718,0.180658228,1.462038382,0.847204969,0.22903911,0.156036903,0.144192598,0.12802589,0.42612505,0.140194175,0.186597246,0.206731392,1.086092715
Ts65Dn,S/C,Memantine,t-SC-m,3534,0.349507202,0.58336807,0.304166667,2.403293039,4.029405452,0.281804217,0.201439845,4.920591913,0.244579358,1.419105234,0.426379609,0.383000867,0.281829419,0.325792487,0.858899541,0.853897457,1.739683201,1.229152988,0.447007806,0.703555941,0.359930616,0.395164652,0.196688409,0.990204252,2.201750729,1.12229153,0.25710754,0.28096158,0.764468031,0.200940361,0.435489166,2.247603168,0.591236495,0.473589436,0.446671616,0.858995404,0.617333518,0.350770786,0.577963103,0.321075402,0.30500618,0.413191812,0.408326106,0.1608252,1.048168971,0.139191613,1.770222222,0.289035258,0.331072833,1.168828796,0.0710065,0.133794225,0.172023727,0.137365142,0.164666667,0.210030129,0.162213482,0.099823681,0.197776874,0.103994557,0.533007998,0.279348876,1.759663638,2.586552799,0.163434152,1.503103876,0.826434109,0.201792397,0.133188661,0.115326252,0.104977621,0.419111111,,0.157845796,,1.13243206
Ts65Dn,S/C,Memantine,t-SC-m,3605,0.379188345,0.608740895,0.327122153,2.321346913,4.177939646,0.263891779,0.197086368,4.773228019,0.232026992,1.364150943,0.404505632,0.33670669,0.341254753,0.308875494,0.852237253,0.733278689,1.678599425,1.205925727,0.440790843,0.742056576,0.336670839,0.417168988,0.200374143,0.988345473,2.08438994,1.161089171,0.243910806,0.278688525,0.734566618,0.180004157,0.48429795,2.284764082,0.647243271,0.492624357,0.514236707,0.907679034,0.667334168,0.365868887,0.636546454,0.343929912,0.351070464,0.4456329195,0.416163359,0.160177976,1.004060186,0.150372304,1.434768791,0.289467399,0.314686442,1.330069262,0.113672399,0.149279721,0.184749315,0.149085293,0.173341776,0.184126501,0.185063603,0.117769391,0.268119849,0.151816938,0.621216517,0.264375716,1.758617415,2.564048998,0.185266496,1.478229052,0.956580601,0.238687645,,,0.130642465,0.446698565,,,0.20907579,1.061592877
Ts65Dn,S/C,Memantine,t-SC-m,3606,0.399572298,0.632998848,0.277103614,2.04227669,3.842978003,0.22160408,0.162345941,4.564895542,0.182402707,1.357557728,0.444459261,0.303339365,0.281789768,0.257417639,0.767602166,0.766666667,1.521960849,1.184433164,0.388122309,0.722164412,0.326203209,0.329949239,0.149407783,1.042441191,2.167132752,1.058068761,0.207492196,0.246618106,0.568185557,0.140653209,0.401280158,1.892252015,0.606843231,0.493213573,0.490234696,0.874297607,0.598731328,0.363546636,0.576690947,0.3157867595,0.31756487,0.463096756,0.375799817,0.1530232,1.045177278,0.127419161,1.392054116,0.252073567,0.309154337,1.220560213,0.120758673,0.138718596,0.175467022,0.134584838,0.159225092,0.203175749,0.219737949,0.101414514,0.201695884,0.107415379,0.562218744,0.283852606,1.75283885,2.026434401,0.179924473,1.304637057,0.863346566,0.254735547,0.143905302,0.132632602,0.133164922,0.397084719,0.138772398,0.179973323,0.170685921,0.954529051
Ts65Dn,S/C,Saline,t-SC-s,3421,0.261107314,0.460966543,0.277329939,1.714285714,2.420074349,0.20858071,0.156675623,2.587227828,0.184678704,0.894797027,0.27050581,0.264183185,0.255630995,0.254812274,0.608680793,0.500929368,1.039962825,1.153611588,0.436430491,0.705546026,0.216729341,0.309839422,0.158528676,0.911046203,1.883563463,0.957912905,0.209453021,0.256257955,0.563993627,0.148566118,0.395417904,1.783988317,1.08204992,0.40575493,0.381398858,0.593059597,0.486837683,0.289131921,0.509398496,0.277301315,0.257861635,0.347817801,0.481685759,0.185313054,0.787907064,0.161836337,2.27816687,0.317032641,0.589970771,0.815765437,0.335241111,0.173729117,0.176338169,0.121365737,0.156591076,0.183716858,0.269944947,0.121543027,0.223380837,0.153616173,0.584267994,0.316533267,1.452228718,2.066033017,0.155640571,1.156113005,0.864465682,0.282569728,0.182887002,0.140650642,0.131988131,0.400069517,0.225902771,0.201812375,0.240085845,1.213941642
Ts65Dn,S/C,Saline,t-SC-s,3425,0.278722045,0.492907348,0.246042216,1.773929712,2.596106742,0.185539935,0.153414809,2.442696919,0.170223642,0.858450432,0.29779554,0.251772592,0.238126649,0.218547807,0.648911609,0.519530746,1.089209746,1.070259121,0.410095847,0.550341627,0.222790237,0.274406332,0.160439073,0.854067294,1.756606936,0.895079872,0.186180739,0.217996786,0.499290963,0.128284732,0.337759443,1.629238108,0.477572559,0.409222423,0.402572571,0.608014512,0.475218982,0.310356201,0.488776913,0.307129394,0.274482759,0.375,0.513360683,0.19522837,0.890441381,0.160482156,2.273022651,0.288584259,0.582064612,0.829589355,0.274043817,0.173207945,0.191979205,0.118348731,0.153993036,0.211783898,0.306112657,0.11946891700000001,0.227905681,0.140085407,0.541169708,0.32710943,1.618117887,2.123777572,0.165336056,1.140217518,0.924340884,0.237178414,0.186466394,0.123004085,0.139784342,0.390805956,0.177526149,0.18451004,0.19841645,1.199037661
Ts65Dn,S/C,Saline,t-SC-s,3426,0.4302177895,0.6889520735,0.3456172595,2.337841441,3.6531816370000003,0.24569654600000002,0.19651753100000002,3.5943888975,0.23414600800000002,1.298444183,0.504725295,0.35073449,0.3323597825,0.3063389995,0.846536067,0.7431377969999999,1.419634484,1.4944862429999999,0.5373830534999999,0.7070063095,0.352554609,0.3660658825,0.20545817649999998,1.273083979,2.629585733,1.2583632420000002,0.25528085850000004,0.3081333515,0.745699312,0.180045332,0.45550281000000004,2.371577694,0.6719413065,0.4610685845,0.413338626,0.742839844,0.603180882,0.3831264285,0.572498133,0.376273862,0.36121258,0.465725532,0.5025532555,0.212616412,1.067479817,0.179230364,2.546187069,0.339164141,0.580477948,1.100861009,0.255997178,0.166469094,0.192722049,0.120649106,0.160164985,0.195834331,0.302638772,0.120035175,0.204357758,0.12475839,0.498420498,0.321274651,1.644878489,2.187412096,0.152531186,1.203385574,0.99588429,0.206967419,0.153224389,0.1128780415,0.110485995,0.444913021,0.148425787,0.150241109,0.190680941,1.481033023
Ts65Dn,S/C,Saline,t-SC-s,3491,0.395634668,0.573767696,0.358586933,2.250126241,3.411493496,0.268641643,0.183967112,5.415185373,0.261078595,1.297848633,0.445884531,0.355274173,0.400393971,0.308328036,0.782360743,0.791246684,1.541996297,1.749614792,0.575992096,0.732039427,0.308324769,0.353631381,0.189594583,1.15223029,2.648080913,1.155697694,0.252412392,0.308363482,0.722826087,0.163593982,0.459631278,2.355790551,0.627723029,0.442339891,0.418435013,0.810677128,0.578300487,0.364489169,0.556473829,0.383006751,0.344049823,0.448746002,0.430082952,0.182376222,1.071749232,0.180858622,2.532523672,0.306695005,0.349137579,1.194927936,0.237460625,0.175225457,0.187293729,0.12936547,0.161612979,0.188097768,0.246506744,0.122635494,0.200604921,0.129158833,0.537718058,0.290487977,1.828622132,2.266064482,0.148493674,1.424351585,0.948900737,0.233931824,0.16880569,0.131529469,0.123592355,0.560525695,0.168225292,0.176954348,0.19878467,1.380807584
Ts65Dn,S/C,Saline,t-SC-s,3513,0.358812841,0.573271414,0.332731649,2.443973349,4.293947637,0.258803564,0.191978711,5.152150212,0.225631769,1.406799531,0.419075145,0.34316085,0.352261136,0.303449659,0.855176828,0.800918055,1.596123561,1.548651817,0.46628827,0.664460489,0.300997592,0.363141789,0.191390622,1.218266254,2.44933696,1.16826166,0.254008894,0.299037304,0.728770442,0.169114675,0.468859342,2.425025502,0.55354994,0.483251547,0.446734475,0.801875733,0.602686161,0.386652907,0.591160221,0.396803808,0.355896944,0.495193435,0.576627012,0.157411418,0.828554102,0.167132273,2.124284897,0.293320321,0.428265525,1.246638327,0.190230392,0.170552059,0.177032726,0.110405211,0.160058992,0.176715537,0.177388896,0.12336481,0.25579983,0.152901607,0.475479744,0.308205648,1.678622413,2.220193881,0.142448513,1.267286019,0.853394874,0.200522778,0.173698513,,0.132673091,0.488331743,0.164342025,0.183401196,0.199654154,1.116132723
Ts65Dn,S/C,Saline,t-SC-s,3517,0.348664238,0.52217114,0.370728562,2.483151184,3.978007762,0.248483881,0.196638207,5.441138422,0.216757741,1.392263056,0.346318036,0.333051325,0.356791525,0.286757776,0.90376442,0.677591576,1.638588166,1.614043355,0.454545455,0.697167433,0.289820924,0.400971256,0.187310261,1.194831753,2.211125485,1.139552128,0.243851684,0.28694542,0.689521345,0.171244358,0.502580449,2.322360953,0.570219966,0.540673477,0.511433352,0.829509072,0.730798335,0.478922092,0.682179342,0.446702703,0.416374082,0.604147526,0.775080043,0.164865186,0.712400812,0.164524104,1.863223651,0.245709541,0.306237313,1.151780771,0.373051738,0.18854276,0.176624302,0.108155408,0.141207235,0.167865185,0.208776267,0.127260841,0.198516687,0.13028234,0.394932015,0.279369842,1.252533993,1.798323471,0.156224714,1.231713518,0.712343416,0.215494108,0.185151237,0.156097915,0.151688503,0.391031556,0.215152175,,0.247164694,0.85712225
Ts65Dn,S/C,Saline,t-SC-s,3525,0.391501784,0.624391826,0.405295316,2.594052045,5.178686493,0.304573467,0.209616986,6.449237755,0.25020816,1.549844881,0.446356275,0.385607604,0.437704248,0.36876939,0.885651567,0.763719816,1.784138826,2.341503268,0.546502883,0.816191446,0.358678876,0.421938259,0.222186182,1.229970808,2.943723646,1.30494281,0.288166035,0.335988562,0.851102941,0.182127798,0.535300832,2.541355822,0.54265326,0.577352085,0.510516876,0.954854039,0.745035497,0.467992241,0.700206825,0.450571895,0.416956738,0.547352342,0.72126762,0.170993487,0.931713486,0.17139738,2.652692414,0.30832687,0.413332129,1.653458366,0.228878085,0.176143237,0.1959388,0.133565728,0.177042939,0.202550225,0.211952577,0.121060424,0.182639328,0.134747349,0.474266999,0.331081081,1.52952098,2.357834198,0.168668909,1.51111355,0.910486858,0.241918665,0.172736446,0.131294712,0.121215762,0.475527616,0.16543615,0.182735529,0.191671936,1.161283483
Ts65Dn,S/C,Saline,t-SC-s,J1291,0.249584422,0.408069164,0.283381364,2.131219981,3.002868069,0.24554039849999998,0.185895453,3.255456443,0.245033113,1.026190476,0.228434198,0.306484858,0.285659656,0.286958817,0.742835453,0.565002847,1.223951414,1.458743376,0.465977398,0.622562141,0.254507497,0.354420328,0.177921393,0.943021033,2.049139579,1.086146858,0.249246869,0.272554305,0.731827671,0.195602294,0.401152738,2.048775859,0.803842459,0.420952381,0.365536943,0.683575626,0.567619048,0.313721769,0.506293042,0.300960219,0.280355855,0.359942294,0.687132694,0.180315646,0.735802162,0.162047968,2.801070039,0.288293371,0.566724223,0.748889255,0.598193697,0.164181498,0.171728887,0.11390031,0.153122498,0.17754142,0.335846321,0.119895917,0.179329058,0.110014104,0.511601119,0.299502272,1.364324502,2.208819715,0.146714066,1.309090909,0.785273804,0.225843061,0.159695358,,,0.328072574,0.289616587,0.161178079,0.24691358,1.3622468
Ts65Dn,S/C,Saline,t-SC-s,J3295,0.318447798,0.514353312,0.299644568,2.314752079,3.243548138,0.224713174,0.176501374,2.946067068,0.221758615,1.118611987,0.305820758,0.299661226,0.281490607,0.277483833,0.850015399,0.573327152,1.378303199,1.354731861,0.431783184,0.651062519,0.259778257,0.353268428,0.178027901,1.044660794,2.242311853,1.07726781,0.249862652,0.281545741,0.728364644,0.169062376,0.402981753,2.175238682,0.969247412,0.405205047,0.344479495,0.665430382,0.533753943,0.302580745,0.578176109,0.289908824,0.265930599,0.379337539,0.558212878,0.210837534,0.90537699,0.162580944,2.479098754,0.317003397,0.66286172,0.801542005,0.549514369,0.179000925,0.178632222,0.119350539,0.162226735,0.196455392,0.395648232,0.127365575,0.208947248,0.134611697,0.533477842,0.352278918,1.415900131,2.502081406,0.156403324,1.240760935,0.907168486,0.250431448,0.168863901,,0.112550108,0.398097661,0.295790934,0.182646213,0.261535479,1.364823133
